{
    "Maligno": {
        "precision": 0.9743589743589743,
        "recall": 0.9047619047619048,
        "f1-score": 0.9382716049382716,
        "support": 42.0
    },
    "Benigno": {
        "precision": 0.9466666666666667,
        "recall": 0.9861111111111112,
        "f1-score": 0.9659863945578231,
        "support": 72.0
    },
    "accuracy": 0.956140350877193,
    "macro avg": {
        "precision": 0.9605128205128205,
        "recall": 0.9454365079365079,
        "f1-score": 0.9521289997480473,
        "support": 114.0
    },
    "weighted avg": {
        "precision": 0.9568690958164642,
        "recall": 0.956140350877193,
        "f1-score": 0.9557756825927252,
        "support": 114.0
    }
}